{
  "creds": {
    "noiseKey": {
      "private": {
        "type": "Buffer",
        "data": "sLGrJDw1waQ+3nUZRScPmEFnf3KoK7SyonaReX677lM="
      },
      "public": {
        "type": "Buffer",
        "data": "T1Xx4O2C6xBtcuSjuL6IbGnSHd4fJDANnuQPHxPjk1Q="
      }
    },
    "signedIdentityKey": {
      "private": {
        "type": "Buffer",
        "data": "wNC/MzSLqKb0BKt8H+grj5teUgDVCNvdN6xuB9yKTW8="
      },
      "public": {
        "type": "Buffer",
        "data": "J3TCqwa0yIDJ1/ZmBI48uFSA8UWOUrQ/ue9C6gDMlzM="
      }
    },
    "signedPreKey": {
      "keyPair": {
        "private": {
          "type": "Buffer",
          "data": "SFQNJqzVJgZ3EX90Tgo+vdP7ryB05TifnwgPadu4PX8="
        },
        "public": {
          "type": "Buffer",
          "data": "z6U/H24nvj7QhSflZKhUs5aRT08o0aeh10fqvQl34UQ="
        }
      },
      "signature": {
        "type": "Buffer",
        "data": "0GzAT44yjNlZiVNrO0sjHq0CSeCCrj/kkoOxMD82nyiuiPPql1jjAXByBVoB7i43IhY0+UvN4eJlU8yIcseYhg=="
      },
      "keyId": 1
    },
    "registrationId": 229,
    "advSecretKey": "tCNmkMT1ONdge+3/iz8uIOmY+gGffbxQBtzyQ7W9lt4=",
    "nextPreKeyId": 31,
    "firstUnuploadedPreKeyId": 31,
    "serverHasPreKeys": true,
    "account": {
      "details": "CLixk6wDEN6lxZgGGAE=",
      "accountSignatureKey": "1V61pzWXMpDojc+CabUynmvKFQKKfaQQej4CTAvTHUA=",
      "accountSignature": "/IGK8u8YGPzz/wAcY1Jd1j1BE1NOU76SokUnmJMiSwAFu/6FOe7HuuPQ91PYmf2VHAptsEkNmWjle7EZuSLtDw==",
      "deviceSignature": "pn5vUcayd5568gFgOTbznNd8N0BSDZ60fv9SHQ7b4QVWigshc/Rpa+e6OK6DUBIyPSuGmXo+B0WRgYZYUBpIhg=="
    },
    "me": {
      "id": "94772076642:20@s.whatsapp.net",
      "verifiedName": ""
    },
    "signalIdentities": [
      {
        "identifier": {
          "name": "94772076642:20@s.whatsapp.net",
          "deviceId": 0
        },
        "identifierKey": {
          "type": "Buffer",
          "data": "BdVetac1lzKQ6I3Pgmm1Mp5ryhUCin2kEHo+AkwL0x1A"
        }
      }
    ],
    "lastAccountSyncTimestamp": 1662079712
  },
  "keys": {
    "preKeys": {
      "1": {
        "private": {
          "type": "Buffer",
          "data": "CEFFhOrRXQ8JJXfY1mWNeha+JWD+cCL2e7MkaUoNOUI="
        },
        "public": {
          "type": "Buffer",
          "data": "aeVkq2iIf53s09eQBGxHbllwmxH3GU1K3FAnjrbeIX8="
        }
      },
      "2": {
        "private": {
          "type": "Buffer",
          "data": "oBaUiGOWCrDXGQoxXRLbYfZ/iHRUHzT/3ySsU7a3YUk="
        },
        "public": {
          "type": "Buffer",
          "data": "f1MrmreBQPvezk7MfP4R97DY6nOl5DTZMo5NN7wBsVg="
        }
      },
      "3": {
        "private": {
          "type": "Buffer",
          "data": "CHe1dr6Uh6GsedtrRj2uFP11/1roje1MNXOXhu9TfVo="
        },
        "public": {
          "type": "Buffer",
          "data": "ituwetj0FoS1FBJ9rKIokIrNGF5KjTsgVunyNNcjf1o="
        }
      },
      "4": {
        "private": {
          "type": "Buffer",
          "data": "iGFIY0hstWcgEorprlasQi4Ttc+DKJsmwa6J3y4ZrVY="
        },
        "public": {
          "type": "Buffer",
          "data": "2106osG/lfZm3HNJhe3T7o4JEOyXQVBJqeYjeX/TEww="
        }
      },
      "5": {
        "private": {
          "type": "Buffer",
          "data": "2MXjLnMH6ZbvG3+4WzGfB8s63Jj3V7GsSlDDKr9Eu2g="
        },
        "public": {
          "type": "Buffer",
          "data": "oMVeNRsCN7UZAJLPx9IK695yz4FvuLTsQUUZ3PioAiI="
        }
      },
      "6": {
        "private": {
          "type": "Buffer",
          "data": "uIBavJR100iGyOFsmxviS1UxwhQjHqNRTy9PMXgtwHE="
        },
        "public": {
          "type": "Buffer",
          "data": "ZI15yPk03LXGLT0TpF+uikmwNZT73d5kT23VI54TBBA="
        }
      },
      "7": {
        "private": {
          "type": "Buffer",
          "data": "YAZ7y/X8tLvk5xQrM2ucru0C/i23Il6e8FhPI39vnnA="
        },
        "public": {
          "type": "Buffer",
          "data": "Pe+YpPCNYD7szqWkUQnHUel0xGipA7SU2jOEmbCAH0E="
        }
      },
      "8": {
        "private": {
          "type": "Buffer",
          "data": "aKrif/P3xaH9ECYfJVtloCZwlQpGeAV74fTd6CTLUEE="
        },
        "public": {
          "type": "Buffer",
          "data": "F/Gi9CxyjTsE+8JFIw6MU4IXMTNBHjcegdq+txmTbwQ="
        }
      },
      "9": {
        "private": {
          "type": "Buffer",
          "data": "CLDrNdRcirtgA7DU1A5+NdbFSLcaGs9MM7dgg8IvNUw="
        },
        "public": {
          "type": "Buffer",
          "data": "95Ro5hC/WNmGnR7CGOrN7c//xDE5xdl3kxdda2+YIB4="
        }
      },
      "10": {
        "private": {
          "type": "Buffer",
          "data": "eDMpptIgBn6mJ0gtk/QNwxA/4ys32ywR4fiRvOl9YGM="
        },
        "public": {
          "type": "Buffer",
          "data": "VQSvRC7i/EJTT6UxM3hgTp/97IDsHZ6wgZRI29cdMAs="
        }
      },
      "11": {
        "private": {
          "type": "Buffer",
          "data": "oEVfGPPcRvNYFghQDOhXwiFueDQu1/CkjHKJaJNn4VY="
        },
        "public": {
          "type": "Buffer",
          "data": "U3BMdau1Q8PwanyhWEBqL5Bb7uhQhsDOzIgltX3q6DU="
        }
      },
      "12": {
        "private": {
          "type": "Buffer",
          "data": "mHyn9MqhfwQeCtZu9ZN8zz9JSWP6IXuXVW+j518J8VU="
        },
        "public": {
          "type": "Buffer",
          "data": "PU+VEsVi1y1xEsLiBiu+K+EH6gq4BQJnXhGuCnFgfx4="
        }
      },
      "13": {
        "private": {
          "type": "Buffer",
          "data": "2L7kMGd+VOIH2OoyUzLyFVHkebAForKV+6Fc60F9OmQ="
        },
        "public": {
          "type": "Buffer",
          "data": "XI2mO4GtLK9WpaGeDUoJI6rYN6Woy8pnWzZJaWkiSm0="
        }
      },
      "14": {
        "private": {
          "type": "Buffer",
          "data": "CMzx8MYJshhNis/8OhMFohifZLtJvjT13/oJGKtYLk0="
        },
        "public": {
          "type": "Buffer",
          "data": "Q+b/SPiG5Omr+RBdQyLj+yUbf+T53DpefYtwXybL4Ew="
        }
      },
      "15": {
        "private": {
          "type": "Buffer",
          "data": "YEd41DzqPxDpbC+1CbZojzjkat+6Clo55nCgxv+mEm4="
        },
        "public": {
          "type": "Buffer",
          "data": "J9iOsbtfvpaSRKd0NbGpp0Usl4gEhGQ8gpFysbb36Co="
        }
      },
      "16": {
        "private": {
          "type": "Buffer",
          "data": "MC1PGd8fj27W37JOdP1tqf7Nddm7CD8kvUZnOKTud1w="
        },
        "public": {
          "type": "Buffer",
          "data": "RyTNYytorvv88NS6EMhc2soxnXc/9yyTH1EEH0UdrAM="
        }
      },
      "17": {
        "private": {
          "type": "Buffer",
          "data": "mCV3Wzm+s+T7ldBEmoJhezYQw546iW1F6sZ85OI6q1o="
        },
        "public": {
          "type": "Buffer",
          "data": "ErWgKE3Ldv6fcF+At/2xdqbTTo5wG8a17IO08kanTHg="
        }
      },
      "18": {
        "private": {
          "type": "Buffer",
          "data": "ENaLTobKxJ7kS95MpW3MIwIMgilXEsNOsODCeESw3nM="
        },
        "public": {
          "type": "Buffer",
          "data": "0tJotUO4V8VLmAhWnH6nkQ0NTWU1LTwfAW7S58CK6yk="
        }
      },
      "19": {
        "private": {
          "type": "Buffer",
          "data": "eNUg/QJ/j5HW4AuYg1IZiCo3gQXAPw4FrcZCvTMi2ko="
        },
        "public": {
          "type": "Buffer",
          "data": "1ZoFOB2qcBj0t1vMMBpfq3P+X/OaqlvjVpLnQtpS2g4="
        }
      },
      "20": {
        "private": {
          "type": "Buffer",
          "data": "8AOl9keknn+Rr5LTenBoK1dINEvtCrbf5AnDobn901M="
        },
        "public": {
          "type": "Buffer",
          "data": "tHqu/Q0k3RWo0UUw1itKDx9JCEfCofUdnr49X9HD8Fc="
        }
      },
      "21": {
        "private": {
          "type": "Buffer",
          "data": "YCVx34B6XLc9vIrX6aCpO3/3YzPzojWVuIed5pv36FE="
        },
        "public": {
          "type": "Buffer",
          "data": "ag8l4uHDk9Rc5zXuRdaTsH03QVAndK1JM0xijqgoI1w="
        }
      },
      "22": {
        "private": {
          "type": "Buffer",
          "data": "iNCL+CdImdMy+an9QoUQBgQQBOEql0z0QZMmUa4qjEM="
        },
        "public": {
          "type": "Buffer",
          "data": "GfA0IakiegzxKPT4rMWAoU+uVQQXQJACBGym+AanJkY="
        }
      },
      "23": {
        "private": {
          "type": "Buffer",
          "data": "AK2T05bzYDA5zXlRgPZIHro2rUIYOcgKl6omykmwR0c="
        },
        "public": {
          "type": "Buffer",
          "data": "YcevQUIBekpeAhFFeaj9311lW6DuymgwyKfYzoS6+lw="
        }
      },
      "24": {
        "private": {
          "type": "Buffer",
          "data": "AA0ZoMy+pH3FaojbsQ/Zjs3xY/V8wVbPKXjnz54FLHM="
        },
        "public": {
          "type": "Buffer",
          "data": "rD+Xenc4PjE9Jl4KHYhjIM1EnzP/cTJqTEevqZONaAs="
        }
      },
      "25": {
        "private": {
          "type": "Buffer",
          "data": "OHXVjLQy3TdR/i21G9iXFOznprjk8dazWLQD/EfGtl8="
        },
        "public": {
          "type": "Buffer",
          "data": "uEe3nbHc/8+cUHubOtkebAY3etCRor/bg7Gz2tZKQSQ="
        }
      },
      "26": {
        "private": {
          "type": "Buffer",
          "data": "gG/DhADPewSxbdrOy9RfcKMdsQQnYqrebIRF57pFTEU="
        },
        "public": {
          "type": "Buffer",
          "data": "Dmj+zs0nDNySn3hp53hDo59/9emVTs3dpFAE4y9ZTQY="
        }
      },
      "27": {
        "private": {
          "type": "Buffer",
          "data": "MKuOrT6OnHW0OP7THzY2RON6YAn531xNFCvRx8DhZlE="
        },
        "public": {
          "type": "Buffer",
          "data": "B9Ww/qfMmhEnDq/WnRzMNxUtjyGFPhBG8V7jS5ZIilE="
        }
      },
      "28": {
        "private": {
          "type": "Buffer",
          "data": "oAO33hJeEKu8hfmKbWTtmgamEKnxQTJWgvdH2+0yjWw="
        },
        "public": {
          "type": "Buffer",
          "data": "BNsGgQ5tyOrhukwxzfi/Q6usoG38ffc6fk8mxg7R2j8="
        }
      },
      "29": {
        "private": {
          "type": "Buffer",
          "data": "UFI5eLToNhkIM6qxKjWVsPYoGMY80443Gw7qDIcDRXc="
        },
        "public": {
          "type": "Buffer",
          "data": "dlsbM63LuNjkPuQSwBcD923Wwbg3G80Qj7ZBB/Gc4y4="
        }
      },
      "30": {
        "private": {
          "type": "Buffer",
          "data": "oGBwsmE14882ndLwKB01qj5R9oc1KL049ynO2Q4qw3A="
        },
        "public": {
          "type": "Buffer",
          "data": "j1MxILQkMTWBlw0hkpxwds9eUpuFubisVCvYPOao23U="
        }
      }
    },
    "sessions": {
      "94772076642:18.0": {
        "_sessions": {
          "BaDENnaj30b7wRmrO+eq/XxPEeG+5myPGCenXK0IKptE": {
            "registrationId": 86,
            "currentRatchet": {
              "ephemeralKeyPair": {
                "pubKey": "BSaWHWnV567NBVJVepXCo1xOQkHXKIS8kucpShTLDWAA",
                "privKey": "EEsn/9mCXzMCHfvKtOxGrLqlWUjRs8RgXTON3DbTZmU="
              },
              "lastRemoteEphemeralKey": "BeTVLHeao//IyyS/kWuFxu7AMQHSk4uNoYqoAGs2m7Mr",
              "previousCounter": 0,
              "rootKey": "Ki+Clc6MN5qL0uL/p6NSgk2J4jirbxxWepA6HZ2cQrk="
            },
            "indexInfo": {
              "baseKey": "BaDENnaj30b7wRmrO+eq/XxPEeG+5myPGCenXK0IKptE",
              "baseKeyType": 1,
              "closed": -1,
              "used": 1662079723501,
              "created": 1662079723501,
              "remoteIdentityKey": "BZX7x5g6sitiW2azvKMJvSNA+GE00QHe5Cn3nnXyeZBe"
            },
            "_chains": {
              "BSaWHWnV567NBVJVepXCo1xOQkHXKIS8kucpShTLDWAA": {
                "chainKey": {
                  "counter": 0,
                  "key": "ZC2/o9VG8qgA6rnhTU9GxXIsyT6x3xwTG4vj1IONqLs="
                },
                "chainType": 1,
                "messageKeys": {}
              }
            },
            "pendingPreKey": {
              "signedKeyId": 1,
              "baseKey": "BaDENnaj30b7wRmrO+eq/XxPEeG+5myPGCenXK0IKptE",
              "preKeyId": 15
            }
          }
        },
        "version": "v1"
      },
      "94772076642.0": {
        "_sessions": {
          "BTXh0OetNca3xsZ9g9rwYBFI3KRd9x+JPiWCT97t2ncb": {
            "registrationId": 866742111,
            "currentRatchet": {
              "ephemeralKeyPair": {
                "pubKey": "BR87fMbwZtwrsgTcZQ9UkCSteyms5Ycuh7iyBy+dQLpo",
                "privKey": "GDCazkJvlxTyhjhlVkS4QQSErnxJjx5hMy4qSM8981k="
              },
              "lastRemoteEphemeralKey": "BRAtShPKik01pXROLOIZ2D0jlH44T3DTntS5nnqbiNEJ",
              "previousCounter": 0,
              "rootKey": "5jyJZd9jLnRbfmu0lgKCS0ZlvcQ8nH5Z/wCbIlPpVXM="
            },
            "indexInfo": {
              "baseKey": "BTXh0OetNca3xsZ9g9rwYBFI3KRd9x+JPiWCT97t2ncb",
              "baseKeyType": 1,
              "closed": -1,
              "used": 1662079723502,
              "created": 1662079723502,
              "remoteIdentityKey": "BdVetac1lzKQ6I3Pgmm1Mp5ryhUCin2kEHo+AkwL0x1A"
            },
            "_chains": {
              "BR87fMbwZtwrsgTcZQ9UkCSteyms5Ycuh7iyBy+dQLpo": {
                "chainKey": {
                  "counter": 1,
                  "key": "04Z41KlUY5kkK0l6qKZlshY0T239ihX8H9MVvV0qzwA="
                },
                "chainType": 1,
                "messageKeys": {}
              }
            },
            "pendingPreKey": {
              "signedKeyId": 0,
              "baseKey": "BTXh0OetNca3xsZ9g9rwYBFI3KRd9x+JPiWCT97t2ncb"
            }
          }
        },
        "version": "v1"
      }
    }
  }
}