{
  "sticker": {},
  "database": {},
  "game": {
    "tebaklagu": [],
    "family100": [],
    "math": [],
    "tebakgambar": [],
    "tebakkata": [],
    "lontong": [],
    "lontong_desk": [],
    "kalimat": [],
    "lirik": [],
    "tebakan": []
  },
  "others": {
    "vote": []
  },
  "users": {
    "6281365814200@s.whatsapp.net": {
      "afkTime": -1,
      "afkReason": "",
      "limit": 100
    },
    "6283127014833@s.whatsapp.net": {
      "afkTime": -1,
      "afkReason": "",
      "limit": 100
    },
    "6285741857458@s.whatsapp.net": {
      "afkTime": -1,
      "afkReason": "",
      "limit": 100
    },
    "6289501060783@s.whatsapp.net": {
      "afkTime": -1,
      "afkReason": "",
      "limit": 100
    },
    "6285741857464@s.whatsapp.net": {
      "afkTime": -1,
      "afkReason": "",
      "limit": 100
    },
    "62857815632831@s.whatsapp.net": {
      "afkTime": -1,
      "afkReason": "",
      "limit": 100
    },
    "628998067856@s.whatsapp.net": {
      "afkTime": -1,
      "afkReason": "",
      "limit": 100
    },
    "6282198571732@s.whatsapp.net": {
      "afkTime": -1,
      "afkReason": "",
      "limit": 100
    },
    "6285693352917@s.whatsapp.net": {
      "afkTime": -1,
      "afkReason": "",
      "limit": 100
    },
    "6285891528650@s.whatsapp.net": {
      "afkTime": -1,
      "afkReason": "",
      "limit": 100
    },
    "6282351045388@s.whatsapp.net": {
      "afkTime": -1,
      "afkReason": "",
      "limit": 100
    },
    "6285870756663@s.whatsapp.net": {
      "afkTime": -1,
      "afkReason": "",
      "limit": 100
    },
    "6285377193100@s.whatsapp.net": {
      "afkTime": -1,
      "afkReason": "",
      "limit": 100
    },
    "6288238953940@s.whatsapp.net": {
      "afkTime": -1,
      "afkReason": "",
      "limit": 100
    },
    "6285778615851@s.whatsapp.net": {
      "afkTime": -1,
      "afkReason": "",
      "limit": 100
    },
    "62895326097674@s.whatsapp.net": {
      "afkTime": -1,
      "afkReason": "",
      "limit": 100
    },
    "6282288190016@s.whatsapp.net": {
      "afkTime": -1,
      "afkReason": "",
      "limit": 100
    },
    "6285848300025@s.whatsapp.net": {
      "afkTime": -1,
      "afkReason": "",
      "limit": 100
    },
    "6283110928302@s.whatsapp.net": {
      "afkTime": -1,
      "afkReason": "",
      "limit": 100
    },
    "6285226629295@s.whatsapp.net": {
      "afkTime": -1,
      "afkReason": "",
      "limit": 100
    },
    "6285831325140@s.whatsapp.net": {
      "afkTime": -1,
      "afkReason": "",
      "limit": 100
    },
    "6282142961010@s.whatsapp.net": {
      "afkTime": -1,
      "afkReason": "",
      "limit": 100
    },
    "6281212083401@s.whatsapp.net": {
      "afkTime": -1,
      "afkReason": "",
      "limit": 100
    },
    "6289653381067@s.whatsapp.net": {
      "afkTime": -1,
      "afkReason": "",
      "limit": 100
    },
    "994408621598@s.whatsapp.net": {
      "afkTime": -1,
      "afkReason": "",
      "limit": 100
    },
    "212774421209@s.whatsapp.net": {
      "afkTime": -1,
      "afkReason": "",
      "limit": 100
    },
    "6287772228391@s.whatsapp.net": {
      "afkTime": -1,
      "afkReason": "",
      "limit": 100
    },
    "6285803050751@s.whatsapp.net": {
      "afkTime": -1,
      "afkReason": "",
      "limit": 100
    },
    "6282172010674@s.whatsapp.net": {
      "afkTime": -1,
      "afkReason": "",
      "limit": 100
    },
    "6285607858648@s.whatsapp.net": {
      "afkTime": -1,
      "afkReason": "",
      "limit": 100
    },
    "628885960825@s.whatsapp.net": {
      "afkTime": -1,
      "afkReason": "",
      "limit": 100
    },
    "62895321521245@s.whatsapp.net": {
      "afkTime": -1,
      "afkReason": "",
      "limit": 100
    },
    "6283154736816@s.whatsapp.net": {
      "afkTime": -1,
      "afkReason": "",
      "limit": 100
    },
    "6283829003070@s.whatsapp.net": {
      "afkTime": -1,
      "afkReason": "",
      "limit": 100
    },
    "6285954993954@s.whatsapp.net": {
      "afkTime": -1,
      "afkReason": "",
      "limit": 100
    },
    "6281255268810@s.whatsapp.net": {
      "afkTime": -1,
      "afkReason": "",
      "limit": 100
    },
    "6282199535392@s.whatsapp.net": {
      "afkTime": -1,
      "afkReason": "",
      "limit": 100
    },
    "6281269677942@s.whatsapp.net": {
      "afkTime": -1,
      "afkReason": "",
      "limit": 100
    },
    "6285777451314@s.whatsapp.net": {
      "afkTime": -1,
      "afkReason": "",
      "limit": 100
    },
    "62882017009764@s.whatsapp.net": {
      "afkTime": -1,
      "afkReason": "",
      "limit": 100
    },
    "62895345157755@s.whatsapp.net": {
      "afkTime": -1,
      "afkReason": "",
      "limit": 100
    },
    "6285640068416@s.whatsapp.net": {
      "afkTime": -1,
      "afkReason": "",
      "limit": 100
    },
    "628979530736@s.whatsapp.net": {
      "afkTime": -1,
      "afkReason": "",
      "limit": 100
    },
    "62882015982050@s.whatsapp.net": {
      "afkTime": -1,
      "afkReason": "",
      "limit": 100
    },
    "6281545835104@s.whatsapp.net": {
      "afkTime": -1,
      "afkReason": "",
      "limit": 100
    },
    "6281252489631@s.whatsapp.net": {
      "afkTime": -1,
      "afkReason": "",
      "limit": 100
    },
    "51903476362@s.whatsapp.net": {
      "afkTime": -1,
      "afkReason": "",
      "limit": 100
    },
    "6287708357324@s.whatsapp.net": {
      "afkTime": -1,
      "afkReason": "",
      "limit": 100
    },
    "6281317790596@s.whatsapp.net": {
      "afkTime": -1,
      "afkReason": "",
      "limit": 100
    },
    "6281572368626@s.whatsapp.net": {
      "afkTime": -1,
      "afkReason": "",
      "limit": 100
    },
    "6283850394078@s.whatsapp.net": {
      "afkTime": -1,
      "afkReason": "",
      "limit": 100
    },
    "16084013060@s.whatsapp.net": {
      "afkTime": -1,
      "afkReason": "",
      "limit": 100
    },
    "6281519665177@s.whatsapp.net": {
      "afkTime": -1,
      "afkReason": "",
      "limit": 100
    },
    "62895321787910@s.whatsapp.net": {
      "afkTime": -1,
      "afkReason": "",
      "limit": 100
    },
    "6287704764819@s.whatsapp.net": {
      "afkTime": -1,
      "afkReason": "",
      "limit": 100
    },
    "919402104403@s.whatsapp.net": {
      "afkTime": -1,
      "afkReason": "",
      "limit": 100
    },
    "916909137213@s.whatsapp.net": {
      "afkTime": -1,
      "afkReason": "",
      "limit": 100
    },
    "918116781147@s.whatsapp.net": {
      "afkTime": -1,
      "afkReason": "",
      "limit": 100
    },
    "919048399670@s.whatsapp.net": {
      "afkTime": -1,
      "afkReason": "",
      "limit": 100
    },
    "918275589600@s.whatsapp.net": {
      "afkTime": -1,
      "afkReason": "",
      "limit": 100
    },
    "6283839980451@s.whatsapp.net": {
      "afkTime": -1,
      "afkReason": "",
      "limit": 100
    },
    "6285822396085@s.whatsapp.net": {
      "afkTime": -1,
      "afkReason": "",
      "limit": 100
    },
    "19736361768@s.whatsapp.net": {
      "afkTime": -1,
      "afkReason": "",
      "limit": 100
    },
    "918240890871@s.whatsapp.net": {
      "afkTime": -1,
      "afkReason": "",
      "limit": 100
    },
    "917606966383@s.whatsapp.net": {
      "afkTime": -1,
      "afkReason": "",
      "limit": 100
    },
    "919967246285@s.whatsapp.net": {
      "afkTime": -1,
      "afkReason": "",
      "limit": 100
    },
    "923027089670@s.whatsapp.net": {
      "afkTime": -1,
      "afkReason": "",
      "limit": 100
    },
    "917085563840@s.whatsapp.net": {
      "afkTime": -1,
      "afkReason": "",
      "limit": 100
    },
    "916281816271@s.whatsapp.net": {
      "afkTime": -1,
      "afkReason": "",
      "limit": 100
    },
    "917439455733@s.whatsapp.net": {
      "afkTime": -1,
      "afkReason": "",
      "limit": 100
    },
    "244922465993@s.whatsapp.net": {
      "afkTime": -1,
      "afkReason": "",
      "limit": 100
    },
    "917604016334@s.whatsapp.net": {
      "afkTime": -1,
      "afkReason": "",
      "limit": 100
    },
    "917219339553@s.whatsapp.net": {
      "afkTime": -1,
      "afkReason": "",
      "limit": 100
    },
    "6281263733543@s.whatsapp.net": {
      "afkTime": -1,
      "afkReason": "",
      "limit": 100
    },
    "917872232347@s.whatsapp.net": {
      "afkTime": -1,
      "afkReason": "",
      "limit": 100
    },
    "917778069605@s.whatsapp.net": {
      "afkTime": -1,
      "afkReason": "",
      "limit": 100
    },
    "923219207659@s.whatsapp.net": {
      "afkTime": -1,
      "afkReason": "",
      "limit": 100
    },
    "17058062269@s.whatsapp.net": {
      "afkTime": -1,
      "afkReason": "",
      "limit": 100
    },
    "923410609118@s.whatsapp.net": {
      "afkTime": -1,
      "afkReason": "",
      "limit": 100
    },
    "261341980966@s.whatsapp.net": {
      "afkTime": -1,
      "afkReason": "",
      "limit": 100
    },
    "4917646161282@s.whatsapp.net": {
      "afkTime": -1,
      "afkReason": "",
      "limit": 100
    },
    "994408204050@s.whatsapp.net": {
      "afkTime": -1,
      "afkReason": "",
      "limit": 100
    },
    "18722422694@s.whatsapp.net": {
      "afkTime": -1,
      "afkReason": "",
      "limit": 100
    },
    "94701132306@s.whatsapp.net": {
      "afkTime": -1,
      "afkReason": "",
      "limit": 100
    },
    "923017705358@s.whatsapp.net": {
      "afkTime": -1,
      "afkReason": "",
      "limit": 100
    },
    "923144818148@s.whatsapp.net": {
      "afkTime": -1,
      "afkReason": "",
      "limit": 100
    },
    "923053741087@s.whatsapp.net": {
      "afkTime": -1,
      "afkReason": "",
      "limit": 100
    },
    "6282114746258@s.whatsapp.net": {
      "afkTime": -1,
      "afkReason": "",
      "limit": 100
    },
    "6283162818323@s.whatsapp.net": {
      "afkTime": -1,
      "afkReason": "",
      "limit": 100
    },
    "6281237965166@s.whatsapp.net": {
      "afkTime": -1,
      "afkReason": "",
      "limit": 100
    },
    "12497018123@s.whatsapp.net": {
      "afkTime": -1,
      "afkReason": "",
      "limit": 100
    },
    "3546329122@s.whatsapp.net": {
      "afkTime": -1,
      "afkReason": "",
      "limit": 100
    },
    "919609900020@s.whatsapp.net": {
      "afkTime": -1,
      "afkReason": "",
      "limit": 100
    },
    "27634090203@s.whatsapp.net": {
      "afkTime": -1,
      "afkReason": "",
      "limit": "Infinity"
    },
    "263717274164@s.whatsapp.net": {
      "afkTime": -1,
      "afkReason": "",
      "limit": 100000
    },
    "26776723675@s.whatsapp.net": {
      "afkTime": -1,
      "afkReason": "",
      "limit": 100000
    },
    "447441437150@s.whatsapp.net": {
      "afkTime": -1,
      "afkReason": "",
      "limit": "Infinity"
    },
    "923411772306@s.whatsapp.net": {
      "afkTime": -1,
      "afkReason": "",
      "limit": 100000
    },
    "94783800632@s.whatsapp.net": {
      "afkTime": -1,
      "afkReason": "",
      "limit": 100000
    },
    "27840235890@s.whatsapp.net": {
      "afkTime": -1,
      "afkReason": "",
      "limit": 100000
    },
    "16643935265@s.whatsapp.net": {
      "afkTime": -1,
      "afkReason": "",
      "limit": 100000
    },
    "263780952623@s.whatsapp.net": {
      "afkTime": -1,
      "afkReason": "",
      "limit": 100000
    },
    "27682581777@s.whatsapp.net": {
      "afkTime": -1,
      "afkReason": "",
      "limit": 100000
    },
    "233552417251@s.whatsapp.net": {
      "afkTime": -1,
      "afkReason": "",
      "limit": 100000
    },
    "263712016853@s.whatsapp.net": {
      "afkTime": -1,
      "afkReason": "",
      "limit": 100000
    },
    "263719622285@s.whatsapp.net": {
      "afkTime": -1,
      "afkReason": "",
      "limit": 100000
    },
    "905012573897@s.whatsapp.net": {
      "afkTime": -1,
      "afkReason": "",
      "limit": 100000
    },
    "263788908677@s.whatsapp.net": {
      "afkTime": -1,
      "afkReason": "",
      "limit": 100000
    },
    "263718085097@s.whatsapp.net": {
      "afkTime": -1,
      "afkReason": "",
      "limit": 100000
    },
    "263714408462@s.whatsapp.net": {
      "afkTime": -1,
      "afkReason": "",
      "limit": 100000
    },
    "918882511701@s.whatsapp.net": {
      "afkTime": -1,
      "afkReason": "",
      "limit": 100000
    },
    "2347068760767@s.whatsapp.net": {
      "afkTime": -1,
      "afkReason": "",
      "limit": 100000
    },
    "263712383962@s.whatsapp.net": {
      "afkTime": -1,
      "afkReason": "",
      "limit": 100000
    },
    "263717094191@s.whatsapp.net": {
      "afkTime": -1,
      "afkReason": "",
      "limit": 100000
    },
    "27781004118@s.whatsapp.net": {
      "afkTime": -1,
      "afkReason": "",
      "limit": 90
    },
    "263712489324@s.whatsapp.net": {
      "afkTime": -1,
      "afkReason": "",
      "limit": 90
    },
    "27847437508@s.whatsapp.net": {
      "afkTime": -1,
      "afkReason": "",
      "limit": 90
    },
    "263719946479@s.whatsapp.net": {
      "afkTime": -1,
      "afkReason": "",
      "limit": 90
    },
    "27627943956@s.whatsapp.net": {
      "afkTime": -1,
      "afkReason": "",
      "limit": 90
    },
    "263715827308@s.whatsapp.net": {
      "afkTime": -1,
      "afkReason": "",
      "limit": 90
    },
    "263716446530@s.whatsapp.net": {
      "afkTime": -1,
      "afkReason": "",
      "limit": 90
    },
    "263782360101@s.whatsapp.net": {
      "afkTime": -1,
      "afkReason": "",
      "limit": 90
    },
    "263785336456@s.whatsapp.net": {
      "afkTime": -1,
      "afkReason": "",
      "limit": 90
    },
    "258870350631@s.whatsapp.net": {
      "afkTime": -1,
      "afkReason": "",
      "limit": 90
    },
    "27746216450@s.whatsapp.net": {
      "afkTime": -1,
      "afkReason": "",
      "limit": 90
    },
    "263718699774@s.whatsapp.net": {
      "afkTime": -1,
      "afkReason": "",
      "limit": 90
    },
    "27818265234@s.whatsapp.net": {
      "afkTime": -1,
      "afkReason": "",
      "limit": 90
    },
    "263771857234@s.whatsapp.net": {
      "afkTime": -1,
      "afkReason": "",
      "limit": 90
    },
    "27844564106@s.whatsapp.net": {
      "afkTime": -1,
      "afkReason": "",
      "limit": 90
    },
    "263779456891@s.whatsapp.net": {
      "afkTime": -1,
      "afkReason": "",
      "limit": 90
    },
    "263785785141@s.whatsapp.net": {
      "afkTime": -1,
      "afkReason": "",
      "limit": 90
    },
    "263775432783@s.whatsapp.net": {
      "afkTime": -1,
      "afkReason": "",
      "limit": 90
    },
    "263717118080@s.whatsapp.net": {
      "afkTime": -1,
      "afkReason": "",
      "limit": 90
    },
    "263719553691@s.whatsapp.net": {
      "afkTime": -1,
      "afkReason": "",
      "limit": 90
    },
    "263783546566@s.whatsapp.net": {
      "afkTime": -1,
      "afkReason": "",
      "limit": 90
    },
    "27617355940@s.whatsapp.net": {
      "afkTime": -1,
      "afkReason": "",
      "limit": 90
    },
    "263787826924@s.whatsapp.net": {
      "afkTime": -1,
      "afkReason": "",
      "limit": 90
    },
    "27814577377@s.whatsapp.net": {
      "afkTime": -1,
      "afkReason": "",
      "limit": 90
    },
    "263718586554@s.whatsapp.net": {
      "afkTime": -1,
      "afkReason": "",
      "limit": 90
    },
    "917736018590@s.whatsapp.net": {
      "afkTime": -1,
      "afkReason": "",
      "limit": 90
    },
    "94760936789@s.whatsapp.net": {
      "afkTime": -1,
      "afkReason": "",
      "limit": 90
    },
    "263718792506@s.whatsapp.net": {
      "afkTime": -1,
      "afkReason": "",
      "limit": 90
    },
    "254708053806@s.whatsapp.net": {
      "afkTime": -1,
      "afkReason": "",
      "limit": 90
    },
    "254797282627@s.whatsapp.net": {
      "afkTime": -1,
      "afkReason": "",
      "limit": 90
    },
    "254700698085@s.whatsapp.net": {
      "afkTime": -1,
      "afkReason": "",
      "limit": 90
    },
    "254793808638@s.whatsapp.net": {
      "afkTime": -1,
      "afkReason": "",
      "limit": 90
    },
    "254759765926@s.whatsapp.net": {
      "afkTime": -1,
      "afkReason": "",
      "limit": 90
    },
    "263771032971@s.whatsapp.net": {
      "afkTime": -1,
      "afkReason": "",
      "limit": 90
    },
    "263787213338@s.whatsapp.net": {
      "afkTime": -1,
      "afkReason": "",
      "limit": 90
    },
    "263783273375@s.whatsapp.net": {
      "afkTime": -1,
      "afkReason": "",
      "limit": 90
    },
    "263719154633@s.whatsapp.net": {
      "afkTime": -1,
      "afkReason": "",
      "limit": 90
    },
    "254798825437@s.whatsapp.net": {
      "afkTime": -1,
      "afkReason": "",
      "limit": 90
    },
    "254792488586@s.whatsapp.net": {
      "afkTime": -1,
      "afkReason": "",
      "limit": 90
    },
    "254731467458@s.whatsapp.net": {
      "afkTime": -1,
      "afkReason": "",
      "limit": 90
    },
    "263784544545@s.whatsapp.net": {
      "afkTime": -1,
      "afkReason": "",
      "limit": 90
    },
    "254701251233@s.whatsapp.net": {
      "afkTime": -1,
      "afkReason": "",
      "limit": 90
    },
    "254790465816@s.whatsapp.net": {
      "afkTime": -1,
      "afkReason": "",
      "limit": 90
    },
    "254741731105@s.whatsapp.net": {
      "afkTime": -1,
      "afkReason": "",
      "limit": 90
    },
    "255694259244@s.whatsapp.net": {
      "afkTime": -1,
      "afkReason": "",
      "limit": 90
    },
    "917976260128@s.whatsapp.net": {
      "afkTime": -1,
      "afkReason": "",
      "limit": 90
    },
    "27769053078@s.whatsapp.net": {
      "afkTime": -1,
      "afkReason": "",
      "limit": 90
    },
    "18507358652@s.whatsapp.net": {
      "afkTime": -1,
      "afkReason": "",
      "limit": 90
    }
  },
  "chats": {
    "120363024073006505@g.us": {
      "mute": false,
      "wame": true
    },
    "6283127014833@s.whatsapp.net": {
      "mute": false,
      "wame": false
    },
    "120363039525080361@g.us": {
      "mute": true,
      "wame": false
    },
    "6285693352917@s.whatsapp.net": {
      "mute": false
    },
    "120363022735092029@g.us": {
      "mute": false,
      "wame": false
    },
    "62895326097674-1627009257@g.us": {
      "mute": false
    },
    "212774421209@s.whatsapp.net": {
      "mute": false
    },
    "62882017009764@s.whatsapp.net": {
      "mute": false
    },
    "6281317790596@s.whatsapp.net": {
      "mute": false
    },
    "6281365814200@s.whatsapp.net": {
      "mute": false
    },
    "6287704764819@s.whatsapp.net": {
      "mute": false,
      "wame": false
    },
    "919402104403@s.whatsapp.net": {
      "mute": false,
      "wame": false
    },
    "916909137213-1632759248@g.us": {
      "mute": false,
      "wame": false
    },
    "120363021468707920@g.us": {
      "mute": false,
      "wame": false
    },
    "917085563840@s.whatsapp.net": {
      "mute": false,
      "wame": false
    },
    "917439455733@s.whatsapp.net": {
      "mute": false,
      "wame": false
    },
    "14256895031-1632639905@g.us": {
      "mute": false,
      "wame": false
    },
    "17058062269@s.whatsapp.net": {
      "mute": false,
      "wame": false
    },
    "916909137213@s.whatsapp.net": {
      "mute": false,
      "wame": false
    },
    "994408204050@s.whatsapp.net": {
      "mute": false,
      "wame": false
    },
    "120363038720618354@g.us": {
      "mute": false,
      "wame": false
    },
    "12497018123@s.whatsapp.net": {
      "mute": false,
      "wame": false
    },
    "27634090203@s.whatsapp.net": {
      "mute": false,
      "wame": false
    },
    "120363040661053078@g.us": {
      "mute": false,
      "wame": false
    },
    "120363039326647607@g.us": {
      "mute": false,
      "wame": false
    },
    "27634090203-1633963770@g.us": {
      "mute": false,
      "wame": false
    },
    "27840235890@s.whatsapp.net": {
      "mute": false,
      "wame": false
    },
    "16643935265@s.whatsapp.net": {
      "mute": false,
      "wame": false
    },
    "18726666619@s.whatsapp.net": {
      "mute": false,
      "wame": false
    },
    "263714561176@s.whatsapp.net": {
      "mute": false,
      "wame": false
    },
    "923474187615@s.whatsapp.net": {
      "mute": false,
      "wame": false
    },
    "263780952623@s.whatsapp.net": {
      "mute": false,
      "wame": false
    },
    "27682581777@s.whatsapp.net": {
      "mute": false,
      "wame": false
    },
    "120363042640964668@g.us": {
      "mute": false,
      "wame": false
    },
    "263719622285@s.whatsapp.net": {
      "mute": false,
      "wame": false
    },
    "120363039326375744@g.us": {
      "mute": false,
      "wame": false
    },
    "120363020701732879@g.us": {
      "mute": false,
      "wame": false
    },
    "120363041437718154@g.us": {
      "mute": false,
      "wame": false
    },
    "27634090203-1632904922@g.us": {
      "mute": false,
      "wame": false
    },
    "263780038482-1620033687@g.us": {
      "mute": false,
      "wame": false
    },
    "447441437150@s.whatsapp.net": {
      "mute": false,
      "wame": false
    },
    "27847809530-1619764801@g.us": {
      "mute": false,
      "wame": false
    },
    "120363040726699931@g.us": {
      "mute": false,
      "wame": false
    },
    "120363040024889409@g.us": {
      "mute": false,
      "wame": false
    },
    "27627943956@s.whatsapp.net": {
      "mute": false,
      "wame": false
    },
    "120363021534312427@g.us": {
      "mute": false,
      "wame": false
    },
    "120363041000916033@g.us": {
      "mute": false,
      "wame": false
    },
    "18507358652@s.whatsapp.net": {
      "mute": false,
      "wame": false
    }
  }
}
